StimGender,Gender
Male,Male
Male,Male
Male,Male
Male,Male
Male,Male
Male,Male
Male,Male
Male,Male
Male,Male
Male,Male
Male,Male
Male,Male
Male,Male
Male,Male
Male,Male
Male,Male
Male,Male
Male,Male
Male,Male
Male,Male
Male,Male
Male,Male
Female,Male
Female,Male
Female,Male
Female,Male
Female,Male
Female,Male
Female,Male
Female,Male
Female,Male
Female,Male
Female,Male
Female,Male
Female,Male
Female,Male
Female,Male
Female,Male
Male,Male
Male,Male
Male,Male
Male,Male
Female,Male
Female,Male
Female,Male
Female,Male
Female,Male
Female,Male
Female,Male
Female,Male
Female,Male
Female,Male
Female,Male
Female,Male
Female,Male
Female,Male
Female,Male
Female,Male
Male,Male
Male,Male
Male,Male
Male,Male
Female,Male
Female,Male
Male,Male
Male,Male
Male,Male
Male,Male
Male,Male
Male,Male
Male,Male
Male,Male
Male,Male
Male,Male
Male,Male
Male,Male
Female,Male
Female,Male
Male,Male
Male,Male
Male,Male
Male,Male
Female,Male
Female,Male
Male,Male
Male,Male
Male,Male
Male,Male
Male,Male
Male,Male
Male,Male
Male,Male
Male,Male
Male,Male
Male,Male
Male,Male
Female,Male
Female,Male
Male,Male
Male,Male
Male,Female
Male,Female
Female,Female
Female,Female
Male,Female
Male,Female
Male,Female
Male,Female
Male,Female
Male,Female
Male,Female
Male,Female
Male,Female
Male,Female
Male,Female
Male,Female
Female,Female
Female,Female
Male,Female
Male,Female
Male,Female
Male,Female
Female,Female
Female,Female
Male,Female
Male,Female
Male,Female
Male,Female
Male,Female
Male,Female
Male,Female
Male,Female
Male,Female
Male,Female
Male,Female
Male,Female
Female,Female
Female,Female
Male,Female
Male,Female
Male,Female
Male,Female
Female,Female
Female,Female
Male,Female
Male,Female
Male,Female
Male,Female
Male,Female
Male,Female
Male,Female
Male,Female
Male,Female
Male,Female
Male,Female
Male,Female
Female,Female
Female,Female
Male,Female
Male,Female
Male,Female
Male,Female
Female,Female
Female,Female
Male,Female
Male,Female
Male,Female
Male,Female
Male,Female
Male,Female
Male,Female
Male,Female
Male,Female
Male,Female
Male,Female
Male,Female
Female,Female
Female,Female
Male,Female
Male,Female
Male,Female
Male,Female
Female,Female
Female,Female
Male,Female
Male,Female
Male,Female
Male,Female
Male,Female
Male,Female
Male,Female
Male,Female
Male,Female
Male,Female
Male,Female
Male,Female
Female,Female
Female,Female
Male,Female
Male,Female
Male,Male
Male,Male
Female,Male
Female,Male
Male,Male
Male,Male
Male,Male
Male,Male
Male,Male
Male,Male
Male,Male
Male,Male
Male,Male
Male,Male
Male,Male
Male,Male
Female,Male
Female,Male
Male,Male
Male,Male
Male,Male
Male,Male
Female,Male
Female,Male
Male,Male
Male,Male
Male,Male
Male,Male
Male,Male
Male,Male
Male,Male
Male,Male
Male,Male
Male,Male
Male,Male
Male,Male
Female,Male
Female,Male
Male,Male
Male,Male
Male,Male
Male,Male
Female,Male
Female,Male
Male,Male
Male,Male
Male,Male
Male,Male
Male,Male
Male,Male
Male,Male
Male,Male
Male,Male
Male,Male
Male,Male
Male,Male
Female,Male
Female,Male
Male,Male
Male,Male
Male,Male
Male,Male
Female,Male
Female,Male
Male,Male
Male,Male
Male,Male
Male,Male
Male,Male
Male,Male
Male,Male
Male,Male
Male,Male
Male,Male
Male,Male
Male,Male
Female,Male
Female,Male
Male,Male
Male,Male
Male,Male
Male,Male
Female,Male
Female,Male
Male,Male
Male,Male
Male,Male
Male,Male
Male,Male
Male,Male
Male,Male
Male,Male
Male,Male
Male,Male
Male,Male
Male,Male
Female,Male
Female,Male
Male,Male
Male,Male
Male,Female
Male,Female
Female,Female
Female,Female
Male,Female
Male,Female
Male,Female
Male,Female
Male,Female
Male,Female
Male,Female
Male,Female
Male,Female
Male,Female
Male,Female
Male,Female
Female,Female
Female,Female
Male,Female
Male,Female
Male,Female
Male,Female
Female,Female
Female,Female
Male,Female
Male,Female
Male,Female
Male,Female
Male,Female
Male,Female
Male,Female
Male,Female
Male,Female
Male,Female
Male,Female
Male,Female
Female,Female
Female,Female
Male,Female
Male,Female
Male,Female
Male,Female
Female,Female
Female,Female
Female,Female
Female,Female
Female,Female
Female,Female
Female,Female
Female,Female
Female,Female
Female,Female
Female,Female
Female,Female
Female,Female
Female,Female
Female,Female
Female,Female
Male,Female
Male,Female
Male,Female
Male,Female
Female,Female
Female,Female
Female,Female
Female,Female
Female,Female
Female,Female
Female,Female
Female,Female
Female,Female
Female,Female
Female,Female
Female,Female
Female,Female
Female,Female
Female,Female
Female,Female
Male,Female
Male,Female
Male,Female
Male,Female
Male,Female
Male,Female
Male,Female
Male,Female
Male,Female
Male,Female
Male,Female
Male,Female
Male,Female
Male,Female
Male,Female
Male,Female
Male,Female
Male,Female
Male,Female
Male,Female
Male,Female
Male,Female
